"AAPL","Apple Inc","Common stocks","Large cap","Information Technology","$2,105,044,640,860","0.68%","20.89","5.45","31.59","Analyze"
"MSFT","Microsoft Corp","Common stocks","Large cap","Information Technology","$1,832,138,747,081","0.99%","25.56","9.51","11.37","Analyze"
"GOOG","Alphabet Inc Class C","Common stocks","Large cap","Communication Services","$1,439,950,712,182","0.00%","9.07","5.33","2.66","Analyze"
"GOOGL","Alphabet Inc Class A","Common stocks","Large cap","Communication Services","$1,439,950,712,182","0.00%","8.65","5.33","2.54","Analyze"
"AMZN","Amazon.Com Inc.","Common stocks","Large cap","Consumer Discretionary","$1,054,636,840,000","0.00%","50.47","2.21","8.06","Analyze"
"BRK.B","Berkshire Hathaway Inc. Class B","Common stocks","Large cap","Financials","$681,293,319,342","0.00%","4.13","1.92","0.67","Analyze"
"TSLA","Tesla Inc","Common stocks","Large cap","Consumer Discretionary","$662,564,490,762","0.00%","80.24","10.65","19.77","Analyze"
"META","Meta Platforms, Inc.","Common stocks","Large cap","Communication Services","$459,123,000,591","0.00%","0.00","0.00","0.00","Analyze"
"JNJ","Johnson & Johnson","Common stocks","Large cap","Health Care","$447,548,818,824","2.51%","22.49","4.72","5.97","Analyze"
"UNH","Unitedhealth Group Inc","Common stocks","Large cap","Health Care","$427,890,686,412","1.62%","24.30","1.45","5.83","Analyze"
"V","Visa Inc Class A","Common stocks","Large cap","Information Technology","$416,666,200,000","0.76%","22.82","15.47","8.69","Analyze"
"NVDA","Nvidia Corp","Common stocks","Large cap","Information Technology","$390,025,000,000","0.10%","40.71","14.49","14.92","Analyze"
"XOM","Exxon Mobil Corp","Common stocks","Large cap","Energy","$384,984,326,338","3.78%","14.07","1.25","2.14","Analyze"
"JPM","JP Morgan Chase & Co","Common stocks","Large cap","Financials","$333,149,634,358","3.40%","8.20","2.77","1.16","Analyze"
"WMT","Walmart Stores Inc","Common stocks","Large cap","Consumer Staples","$330,637,519,031","1.83%","24.95","0.57","4.22","Analyze"
"PG","Procter & Gamble","Common stocks","Large cap","Consumer Staples","$319,874,254,842","2.62%","21.76","4.02","6.98","Analyze"
"CVX","Chevron Corp","Common stocks","Large cap","Energy","$305,489,196,139","3.55%","14.22","1.73","1.99","Analyze"
"MA","Mastercard Inc Class A","Common stocks","Large cap","Information Technology","$297,948,256,666","0.60%","31.59","14.98","42.62","Analyze"
"HD","Home Depot Inc","Common stocks","Large cap","Consumer Discretionary","$281,049,867,533","2.57%","16.84","1.84","-162.81","Analyze"
"LLY","Eli Lilly","Common stocks","Large cap","Health Care","$273,712,464,161","1.26%","45.10","9.33","29.62","Analyze"
"PFE","Pfizer Inc","Common stocks","Large cap","Health Care","$266,405,332,631","3.29%","10.46","2.88","3.17","Analyze"
"BAC","Bank of America Corp","Common stocks","Large cap","Financials","$256,611,671,412","2.62%","8.69","2.87","0.96","Analyze"
"KO","Coca-Cola","Common stocks","Large cap","Consumer Staples","$256,070,146,904","2.88%","25.00","6.38","10.37","Analyze"
"ABBV","Abbvie Inc","Common stocks","Large cap","Health Care","$245,893,368,049","3.84%","19.58","4.33","15.01","Analyze"
"PEP","Pepsico Inc","Common stocks","Large cap","Consumer Staples","$217,122,799,270","2.76%","21.36","2.69","11.93","Analyze"
"MRK","Merck & Co Inc","Common stocks","Large cap","Health Care","$214,670,258,572","3.16%","15.09","3.98","5.23","Analyze"
"VZ","Verizon Communications Inc","Common stocks","Large cap","Communication Services","$205,110,598,357","6.40%","9.62","1.53","2.46","Analyze"
"AVGO","Broadcom Inc.","Common stocks","Large cap","Information Technology","$200,770,084,086","3.78%","26.74","7.04","8.76","Analyze"
"COST","Costco Wholesale Corp","Common stocks","Large cap","Consumer Staples","$200,112,941,840","0.72%","35.89","0.95","10.19","Analyze"
"TMO","Thermo Fisher Scientific Inc","Common stocks","Large cap","Health Care","$197,645,249,180","0.22%","25.79","4.81","4.79","Analyze"
"ORCL","Oracle Corp","Common stocks","Large cap","Information Technology","$183,329,067,470","1.85%","23.90","4.38","-20.78","Analyze"
"ACN","Accenture Plc Class A","Common stocks","Large cap","Information Technology","$179,453,455,934","1.39%","28.54","3.17","8.87","Analyze"
"CSCO","Cisco Systems Inc","Common stocks","Large cap","Information Technology","$179,386,562,083","3.41%","14.97","3.48","4.45","Analyze"
"ABT","Abbott Laboratories","Common stocks","Large cap","Health Care","$178,718,679,438","1.79%","23.24","4.01","5.07","Analyze"
"DHR","Danaher Corp","Common stocks","Large cap","Health Care","$175,116,439,091","0.36%","27.57","5.78","3.74","Analyze"
"MCD","Mcdonalds Corp","Common stocks","Large cap","Consumer Discretionary","$173,934,042,467","2.29%","24.37","7.32","-28.93","Analyze"
"ADBE","Adobe Inc","Common stocks","Large cap","Information Technology","$172,500,300,000","0.00%","35.32","10.69","12.38","Analyze"
"DIS","Walt Disney","Common stocks","Large cap","Communication Services","$171,649,317,706","0.00%","64.79","2.24","1.90","Analyze"
"CMCSA","Comcast A Corp","Common stocks","Large cap","Communication Services","$169,479,322,803","2.67%","12.04","1.41","1.83","Analyze"
"NKE","Nike Inc Class B","Common stocks","Large cap","Consumer Discretionary","$168,160,191,314","1.11%","22.27","3.59","9.20","Analyze"
"CRM","Salesforce.Com Inc","Common stocks","Large cap","Information Technology","$159,050,750,000","0.00%","112.50","6.00","2.79","Analyze"
"TMUS","T Mobile US Inc","Common stocks","Large cap","Communication Services","$155,261,755,483","0.00%","56.85","1.93","2.28","Analyze"
"BMY","Bristol Myers Squibb","Common stocks","Large cap","Health Care","$154,612,647,360","2.80%","25.13","3.29","4.97","Analyze"
"INTC","Intel Corporation Corp","Common stocks","Large cap","Information Technology","$152,683,260,000","3.77%","6.14","1.96","1.47","Analyze"
"PM","Philip Morris International Inc","Common stocks","Large cap","Consumer Staples","$152,329,340,753","4.94%","16.86","4.83","-15.04","Analyze"
"UPS","United Parcel Service Inc Class B","Common stocks","Large cap","Industrials","$148,841,036,000","2.92%","11.68","1.51","8.15","Analyze"
"LIN","Linde Plc","Common stocks","Large cap","Materials","$145,649,401,822","1.53%","36.35","4.59","3.40","Analyze"
"WFC","Wells Fargo","Common stocks","Large cap","Financials","$142,706,761,949","2.37%","7.56","1.84","0.81","Analyze"
"TXN","Texas Instrument Inc","Common stocks","Large cap","Information Technology","$139,583,400,118","2.92%","16.87","7.36","9.88","Analyze"
"NEE","Nextera Energy Inc","Common stocks","Large cap","Utilities","$138,839,287,498","2.27%","95.54","8.55","3.88","Analyze"
"QCOM","Qualcomm Inc","Common stocks","Large cap","Information Technology","$135,932,350,817","2.29%","12.20","3.46","10.21","Analyze"
"T","AT&T Inc.","Common stocks","Large cap","Communication Services","$135,734,640,000","9.42%","8.10","0.83","0.74","Analyze"
"RTX","Raytheon Technologies Corporation","Common stocks","Large cap","Industrials","$133,135,496,289","2.30%","31.51","2.05","1.82","Analyze"
"AMD","Advanced Micro Devices Inc","Common stocks","Large cap","Information Technology","$132,962,673,523","0.00%","38.96","7.04","2.39","Analyze"
"COP","ConocoPhillips","Common stocks","Large cap","Energy","$132,475,102,604","2.23%","9.43","2.46","2.46","Analyze"
"UNP","Union Pacific Corp","Common stocks","Large cap","Industrials","$130,748,557,228","2.25%","19.03","5.77","10.90","Analyze"
"MS","Morgan Stanley","Common stocks","Large cap","Financials","$129,359,556,163","3.74%","9.03","2.33","1.24","Analyze"
"AMGN","Amgen Inc","Common stocks","Large cap","Health Care","$123,245,266,542","3.17%","21.91","4.68","136.89","Analyze"
"HON","Honeywell International Inc","Common stocks","Large cap","Industrials","$122,450,239,448","2.14%","23.31","3.57","6.66","Analyze"
"IBM","International Business Machines Co","Common stocks","Large cap","Information Technology","$122,026,390,543","4.76%","22.00","2.27","6.37","Analyze"
"CVS","CVS Health Corp","Common stocks","Large cap","Health Care","$117,821,120,299","2.32%","14.53","0.39","1.57","Analyze"
"MDT","Medtronic Plc","Common stocks","Large cap","Health Care","$117,250,524,157","2.86%","24.08","3.69","2.25","Analyze"
"SCHW","Charles Schwab Corporation","Common stocks","Large cap","Financials","$114,360,804,905","1.24%","20.76","6.19","2.27","Analyze"
"LOW","Lowes Companies Inc","Common stocks","Large cap","Consumer Discretionary","$109,680,898,516","1.86%","13.09","1.15","-16.03","Analyze"
"ANTM","Anthem Inc","Common stocks","Large cap","Health Care","$109,635,714,553","1.06%","17.16","0.76","2.98","Analyze"
"LMT","Lockheed Martin Corp","Common stocks","Large cap","Industrials","$107,717,442,005","2.70%","17.31","1.64","10.75","Analyze"
"SPGI","S&P Global Inc","Common stocks","Large cap","Financials","$107,418,597,000","1.00%","31.03","12.39","2.74","Analyze"
"AMT","American Tower Corporation","REITs","Large cap","Real Estate","$106,867,438,347","2.34%","40.91","10.84","20.10","Analyze"
"CAT","Caterpillar Inc","Common stocks","Large cap","Industrials","$103,891,870,802","2.26%","15.82","1.97","6.02","Analyze"
"AXP","American Express","Common stocks","Large cap","Financials","$103,545,788,225","1.31%","13.90","2.30","4.85","Analyze"
"INTU","Intuit Inc","Common stocks","Large cap","Information Technology","$98,554,800,473","0.73%","48.01","8.63","6.69","Analyze"
"GS","Goldman Sachs Group Inc","Common stocks","Large cap","Financials","$97,875,464,504","2.80%","5.26","1.83","0.84","Analyze"
"DE","Deere & Company","Common stocks","Large cap","Industrials","$97,060,720,357","1.27%","17.48","2.20","5.22","Analyze"
"C","Citigroup Inc","Common stocks","Large cap","Financials","$92,884,148,404","4.29%","5.36","1.30","0.47","Analyze"
"BLK","Blackrock Inc","Common stocks","Large cap","Financials","$88,746,061,681","3.05%","14.37","4.51","2.35","Analyze"
"NOW","Servicenow Inc","Common stocks","Large cap","Information Technology","$85,812,866,287","0.00%","398.31","13.71","22.26","Analyze"
"EL","Estee Lauder Inc Class A","Common stocks","Large cap","Consumer Staples","$84,297,825,705","1.00%","16.43","4.65","8.96","Analyze"
"ADP","Automatic Data Processing Inc","Common stocks","Large cap","Information Technology","$83,524,365,571","2.01%","29.24","5.29","19.95","Analyze"
"PLD","Prologis, Inc","REITs","Large cap","Real Estate","$82,754,447,930","2.52%","21.98","17.13","2.39","Analyze"
"PYPL","Paypal Holdings Inc","Common stocks","Large cap","Information Technology","$82,487,184,143","0.00%","23.57","3.19","4.10","Analyze"
"MO","Altria Group Inc","Common stocks","Large cap","Consumer Staples","$82,163,088,958","7.72%","27.28","3.90","-46.61","Analyze"
"SBUX","Starbucks Corp","Common stocks","Large cap","Consumer Discretionary","$81,372,555,000","2.68%","18.70","2.60","-9.40","Analyze"
"MDLZ","Mondelez International Inc","Common stocks","Large cap","Consumer Staples","$81,111,764,072","2.31%","19.40","2.77","2.89","Analyze"
"CB","Chubb Ltd","Common stocks","Large cap","Financials","$80,161,953,901","1.70%","9.77","1.97","1.42","Analyze"
"BA","Boeing","Common stocks","Large cap","Industrials","$78,900,554,689","0.00%","-16.57","1.29","-5.26","Analyze"
"CI","Cigna Corp","Common stocks","Large cap","Health Care","$78,778,998,132","1.70%","14.40","0.45","1.68","Analyze"
"AMAT","Applied Material Inc","Common stocks","Large cap","Information Technology","$77,938,576,546","1.36%","11.57","3.14","6.75","Analyze"
"DUK","Duke Energy Corp","Common stocks","Large cap","Utilities","$76,635,893,978","3.90%","20.42","2.94","1.52","Analyze"
"NFLX","Netflix Inc","Common stocks","Large cap","Communication Services","$76,585,164,637","0.00%","15.49","2.52","4.42","Analyze"
"BKNG","Booking Holdings Inc","Common stocks","Large cap","Consumer Discretionary","$75,000,280,157","0.00%","148.97","5.99","17.71","Analyze"
"ADI","Analog Devices Inc","Common stocks","Large cap","Information Technology","$74,571,372,777","2.01%","45.78","7.64","2.03","Analyze"
"MMM","3M","Common stocks","Large cap","Industrials","$74,512,565,688","4.54%","13.20","2.11","4.95","Analyze"
"ZTS","Zoetis Inc","Common stocks","Large cap","Health Care","$74,072,244,010","0.73%","36.06","9.39","16.05","Analyze"
"SYK","Stryker Corp","Common stocks","Large cap","Health Care","$74,004,753,456","1.35%","36.42","4.25","4.88","Analyze"
"CME","CME Group Inc Class A","Common stocks","Large cap","Financials","$73,062,519,499","1.86%","26.19","15.28","2.60","Analyze"
"MMC","Marsh & McLennan Inc","Common stocks","Large cap","Financials","$72,446,226,922","1.48%","22.44","3.57","6.63","Analyze"
"GILD","Gilead Sciences Inc","Common stocks","Large cap","Health Care","$72,398,972,219","4.90%","16.26","2.64","3.68","Analyze"
"GE","General Electric","Common stocks","Large cap","Industrials","$71,862,416,414","0.49%","-14.59","0.97","1.86","Analyze"
"SO","Southern Co","Common stocks","Large cap","Utilities","$70,424,135,459","3.96%","30.34","2.95","2.13","Analyze"
"EOG","EOG Resources Inc","Common stocks","Large cap","Energy","$70,027,902,832","1.88%","14.94","3.13","3.04","Analyze"
"NOC","Northrop Grumman Corp","Common stocks","Large cap","Industrials","$69,797,735,639","1.43%","11.97","1.98","5.19","Analyze"
"CHTR","Charter Communications Inc Class A","Common stocks","Large cap","Communication Services","$69,719,937,013","0.00%","14.69","1.33","6.15","Analyze"
"ISRG","Intuitive Surgical Inc","Common stocks","Large cap","Health Care","$68,456,596,213","0.00%","33.83","11.59","5.70","Analyze"
"USB","US Bancorp","Common stocks","Large cap","Financials","$67,467,459,848","3.92%","9.78","2.95","1.32","Analyze"
"CCI","Crown Castle International Corp.","REITs","Large cap","Real Estate","$67,115,579,928","3.66%","46.35","10.17","8.41","Analyze"
"BDX","Becton Dickinson","Common stocks","Large cap","Health Care","$66,916,071,011","1.43%","36.66","3.34","2.74","Analyze"
"TJX","TJX Companies, Inc.","Common stocks","Large cap","Consumer Discretionary","$66,478,622,838","1.88%","21.51","1.27","11.05","Analyze"
"TGT","Target Corp","Common stocks","Large cap","Consumer Discretionary","$66,257,580,454","2.50%","11.03","0.62","6.00","Analyze"
"PGR","Progressive Corp","Common stocks","Large cap","Financials","$64,459,348,393","1.72%","29.70","1.34","3.76","Analyze"
"VRTX","Vertex Pharmaceuticals Inc","Common stocks","Large cap","Health Care","$64,184,515,973","0.00%","27.45","8.08","6.17","Analyze"
"CSX","CSX Corp","Common stocks","Large cap","Industrials","$63,162,251,606","1.33%","15.99","4.81","4.77","Analyze"
"PNC","PNC Financial Services Group, Inc.","Common stocks","Large cap","Financials","$62,649,213,373","3.43%","12.68","3.18","1.30","Analyze"
"CL","Colgate-Palmolive","Common stocks","Large cap","Consumer Staples","$61,940,663,030","2.44%","30.35","3.54","193.27","Analyze"
"MU","Micron Technology Inc","Common stocks","Large cap","Information Technology","$61,427,843,804","0.54%","6.90","1.97","1.30","Analyze"
"TFC","Truist Financial Corporation","Common stocks","Large cap","Financials","$61,032,012,993","4.13%","10.23","2.76","0.95","Analyze"
"D","Dominion Energy Inc","Common stocks","Large cap","Utilities","$60,342,288,931","3.45%","20.04","4.20","2.04","Analyze"
"REGN","Regeneron Pharmaceuticals Inc","Common stocks","Large cap","Health Care","$60,144,615,724","0.00%","7.91","3.64","3.15","Analyze"
"WM","Waste Management Inc","Common stocks","Large cap","Industrials","$59,100,567,939","1.71%","30.61","3.20","8.17","Analyze"
"GD","General Dynamics Corp","Common stocks","Large cap","Industrials","$58,842,936,817","2.26%","17.77","1.53","3.23","Analyze"
"PXD","Pioneer Natural Resource","Common stocks","Large cap","Energy","$58,433,094,878","1.26%","12.79","2.79","2.27","Analyze"
"FDX","FedEx Corporation","Common stocks","Large cap","Industrials","$58,395,446,776","1.33%","11.61","0.64","2.43","Analyze"
"LRCX","Lam Research Corp","Common stocks","Large cap","Information Technology","$58,024,495,794","1.43%","12.81","3.47","9.65","Analyze"
"ATVI","Activision Blizzard Inc","Common stocks","Large cap","Communication Services","$57,804,497,225","0.64%","23.61","6.97","3.28","Analyze"
"FISV","Fiserv Inc","Common stocks","Large cap","Information Technology","$57,626,262,303","0.00%","34.21","3.47","1.86","Analyze"
"SHW","Sherwin Williams","Common stocks","Large cap","Materials","$56,955,749,449","1.05%","31.75","2.81","25.94","Analyze"
"NSC","Norfolk Southern Corp","Common stocks","Large cap","Industrials","$56,585,316,368","2.08%","17.39","4.96","3.92","Analyze"
"EQIX","Equinix, Inc.","REITs","Large cap","Real Estate","$56,285,679,176","1.92%","117.23","8.31","5.26","Analyze"
"ITW","Illinois Tool Inc","Common stocks","Large cap","Industrials","$55,801,236,577","2.66%","20.68","3.76","15.50","Analyze"
"FIS","Fidelity National Information Services","Common stocks","Large cap","Information Technology","$55,396,951,105","1.88%","61.64","3.92","1.19","Analyze"
"EW","Edwards Lifesciences Corp","Common stocks","Large cap","Health Care","$54,546,279,799","0.00%","35.48","10.18","9.34","Analyze"
"SLB","Schlumberger Nv","Common stocks","Large cap","Energy","$54,389,967,928","1.43%","24.76","2.30","3.37","Analyze"
"HUM","Humana Inc","Common stocks","Large cap","Health Care","$53,533,272,660","0.68%","17.86","0.62","3.54","Analyze"
"OXY","Occidental Petroleum Corp","Common stocks","Large cap","Energy","$53,241,819,687","0.49%","7.97","1.84","2.10","Analyze"
"ICE","Intercontinental Exchange Inc","Common stocks","Large cap","Financials","$52,951,558,460","1.49%","12.39","5.76","2.22","Analyze"
"PSA","Public Storage","REITs","Large cap","Real Estate","$52,797,349,261","2.64%","27.95","14.58","5.40","Analyze"
"AON","Aon Plc","Common stocks","Large cap","Financials","$52,777,399,647","0.84%","39.15","4.28","45.41","Analyze"
"DG","Dollar General Corp","Common stocks","Large cap","Consumer Discretionary","$52,715,517,490","0.78%","21.84","1.55","8.37","Analyze"
"APD","Air Products And Chemicals Inc","Common stocks","Large cap","Materials","$52,138,909,178","2.58%","23.42","4.58","3.75","Analyze"
"NEM","Newmont Corporation","Common stocks","Large cap","Materials","$51,357,165,205","3.36%","47.97","4.15","2.36","Analyze"
"BSX","Boston Scientific Corp","Common stocks","Large cap","Health Care","$50,764,073,276","0.00%","68.37","4.17","3.08","Analyze"
"HCA","HCA Healthcare, Inc.","Common stocks","Large cap","Health Care","$50,693,303,664","1.21%","7.52","0.85","-25.16","Analyze"
"FCX","Freeport-McMoRan, Inc.","Common stocks","Large cap","Materials","$50,535,779,260","0.86%","9.58","2.05","3.30","Analyze"
"ETN","Eaton Corporation, PLC","Common stocks","Large cap","Industrials","$50,317,890,000","2.47%","22.58","2.54","3.01","Analyze"
"MET","Metlife Inc","Common stocks","Large cap","Financials","$49,841,391,205","3.13%","7.42","0.76","0.92","Analyze"
"MPC","Marathon Petroleum Corp","Common stocks","Large cap","Energy","$49,760,714,029","2.50%","4.36","0.37","1.97","Analyze"
"VLO","Valero Energy Corp","Common stocks","Large cap","Energy","$48,457,368,436","3.25%","18.09","0.37","2.44","Analyze"
"MRNA","Moderna, Inc.","Common stocks","Large cap","Health Care","$48,160,722,318","0.00%","3.48","2.13","2.98","Analyze"
"EMR","Emerson Electric","Common stocks","Large cap","Industrials","$48,114,000,000","2.51%","16.30","2.54","4.42","Analyze"
"MAR","Marriott International Inc","Common stocks","Large cap","Consumer Discretionary","$47,510,633,712","0.21%","31.97","3.02","26.82","Analyze"
"MCO","Moodys Corp","Common stocks","Large cap","Financials","$46,796,580,000","1.04%","23.89","7.62","19.72","Analyze"
"MNST","Monster Beverage Corp","Common stocks","Large cap","Consumer Staples","$46,552,819,961","0.00%","34.41","8.00","6.80","Analyze"
"PSX","Phillips 66","Common stocks","Large cap","Energy","$46,426,152,509","3.79%","17.09","0.37","2.00","Analyze"
"KLAC","KLA-Tencor Corporation","Common stocks","Large cap","Information Technology","$46,322,559,210","1.35%","14.78","5.35","11.41","Analyze"
"GM","General Motors","Common stocks","Large cap","Consumer Discretionary","$45,817,929,926","0.00%","5.25","0.35","0.75","Analyze"
"AEP","American Electric Power Inc","Common stocks","Large cap","Utilities","$45,803,005,057","3.41%","17.28","2.68","824.00","Analyze"
"CNC","Centene Corp","Common stocks","Large cap","Health Care","$44,825,738,684","0.00%","8.95","0.34","1.64","Analyze"
"SRE","Sempra Energy","Common stocks","Large cap","Utilities","$44,618,699,471","3.86%","44.20","3.33","7.59","Analyze"
"ADM","Archer-Daniels-Midland Company","Common stocks","Large cap","Consumer Staples","$44,470,796,328","1.93%","14.15","0.49","1.83","Analyze"
"F","Ford Motor Company","Common stocks","Large cap","Consumer Discretionary","$44,425,274,389","2.65%","3.83","0.33","0.99","Analyze"
"SNPS","Synopsys Inc","Common stocks","Large cap","Information Technology","$44,283,357,383","0.00%","44.92","9.31","8.14","Analyze"
"KHC","Kraft Heinz","Common stocks","Large cap","Consumer Staples","$44,098,988,362","4.37%","35.55","1.72","0.88","Analyze"
"MCK","Mckesson Corp","Common stocks","Large cap","Health Care","$43,651,452,753","0.62%","38.74","0.17","-18.99","Analyze"
"LHX","L3Harris Technologies, Inc.","Common stocks","Large cap","Industrials","$42,833,596,276","1.91%","23.06","2.47","2.22","Analyze"
"STZ","Constellation Brands Class A","Common stocks","Large cap","Consumer Staples","$42,489,508,046","1.36%","84.90","4.82","3.13","Analyze"
"FTNT","Fortinet Inc","Common stocks","Large cap","Information Technology","$42,335,819,204","0.00%","67.68","11.80","198.35","Analyze"
"HSY","Hershey Foods","Common stocks","Large cap","Consumer Staples","$42,098,800,920","1.78%","18.62","4.51","10.32","Analyze"
"DVN","Devon Energy Corp","Common stocks","Large cap","Energy","$41,758,200,000","5.01%","10.68","2.99","4.12","Analyze"
"ECL","Ecolab Inc","Common stocks","Large cap","Materials","$41,599,961,970","1.03%","38.19","3.17","5.98","Analyze"
"NXPI","NXP Semiconductors Nv","Common stocks","Large cap","Information Technology","$41,569,257,553","1.77%","27.30","3.57","6.37","Analyze"
"PAYX","Paychex Inc","Common stocks","Large cap","Information Technology","$41,087,389,042","2.41%","30.01","9.14","12.41","Analyze"
"KMB","Kimberly Clark Corp","Common stocks","Large cap","Consumer Staples","$40,986,986,223","3.73%","23.41","2.07","58.20","Analyze"
"EXC","Exelon Corp","Common stocks","Large cap","Utilities","$40,401,245,821","2.93%","15.47","1.27","1.71","Analyze"
"DOW","Dow Inc.","Common stocks","Large cap","Materials","$40,351,404,084","4.97%","5.78","0.69","2.11","Analyze"
"GIS","General Mills Inc","Common stocks","Large cap","Consumer Staples","$40,197,653,069","3.02%","17.33","2.16","3.96","Analyze"
"COF","Capital One Financial Corp","Common stocks","Large cap","Financials","$40,134,402,484","2.33%","3.82","1.27","0.75","Analyze"
"SYY","Sysco Corp","Common stocks","Large cap","Consumer Staples","$39,963,283,007","2.38%","40.14","0.61","30.37","Analyze"
"AIG","American International Group Inc","Common stocks","Large cap","Financials","$39,585,832,841","2.54%","4.18","0.74","0.73","Analyze"
"ROP","Roper Technologies Inc","Common stocks","Large cap","Information Technology","$39,430,222,330","0.63%","13.76","6.48","2.93","Analyze"
"CTVA","Corteva, Inc.","Common stocks","Large cap","Materials","$39,108,748,000","1.03%","22.35","2.43","1.50","Analyze"
"AZO","Autozone Inc","Common stocks","Large cap","Consumer Discretionary","$38,997,803,615","0.00%","16.12","2.50","-12.38","Analyze"
"CDNS","Cadence Design Systems Inc","Common stocks","Large cap","Information technology","$38,904,079,720","0.00%","53.03","12.33","14.30","Analyze"
"TRV","Travelers Companies Inc","Common stocks","Large cap","Financials","$38,724,906,503","2.19%","9.90","1.10","1.52","Analyze"
"O","Realty Income Corporation","REITs","Large cap","Real Estate","$38,640,659,194","4.45%","84.31","15.80","1.53","Analyze"
"RSG","Republic Services Inc","Common stocks","Large cap","Industrials","$38,462,875,619","1.47%","28.32","3.30","4.25","Analyze"
"ORLY","Oreilly Automotive Inc","Common stocks","Large cap","Consumer Discretionary","$38,449,378,890","0.00%","17.98","2.84","-117.47","Analyze"
"KMI","Kinder Morgan Inc","Common stocks","Large cap","Energy","$37,866,791,168","6.37%","34.93","2.41","1.19","Analyze"
"APH","Amphenol Corp","Common stocks","Large cap","Information Technology","$37,327,129,135","1.10%","22.26","3.26","5.84","Analyze"
"IQV","IQVIA Holdings, Inc.","Common stocks","Large cap","Health Care","$37,183,866,426","0.00%","34.55","2.65","6.30","Analyze"
"WMB","Williams Inc","Common stocks","Large cap","Energy","$37,088,453,250","5.38%","24.68","3.39","3.20","Analyze"
"TEL","TE Connectivity Ltd","Common stocks","Large cap","Information Technology","$36,363,758,951","1.83%","14.89","2.35","3.56","Analyze"
"KR","Kroger","Common stocks","Large cap","Consumer Staples","$35,917,136,590","1.68%","30.59","0.00","3.52","Analyze"
"EA","Electronic Arts Inc","Common stocks","Large cap","Communication Services","$35,820,783,568","0.55%","45.60","5.12","4.72","Analyze"
"CTAS","Cintas Corp","Common stocks","Large cap","Industrials","$35,700,138,199","1.09%","29.44","4.69","10.79","Analyze"
"ADSK","Autodesk Inc","Common stocks","Large cap","Information Technology","$35,699,996,004","0.00%","73.34","8.14","42.93","Analyze"
"DLR","Digital Realty Trust, Inc","REITs","Large cap","Real Estate","$35,672,293,682","3.75%","26.38","7.99","2.05","Analyze"
"XEL","Xcel Energy Inc","Common stocks","Large cap","Utilities","$35,375,230,796","2.88%","21.55","2.59","2.21","Analyze"
"WELL","Welltower Inc","REITs","Large cap","Real Estate","$35,273,296,040","0.79%","107.96","6.97","1.97","Analyze"
"A","Agilent Technologies Inc","Common stocks","Large cap","Health Care","$34,339,478,118","0.70%","27.94","5.33","6.53","Analyze"
"CTSH","Cognizant Technology Solutions","Common stocks","Large cap","Information Technology","$34,288,026,802","1.55%","15.79","1.81","2.89","Analyze"
"WBA","Walgreen Boots Alliance Inc","Common stocks","Large cap","Consumer Staples","$34,265,893,317","4.74%","5.40","0.25","1.27","Analyze"
"PRU","Prudential Financial Inc","Common stocks","Large cap","Financials","$34,248,750,000","5.06%","7.11","0.51","0.78","Analyze"
"AFL","Aflac Inc","Common stocks","Large cap","Financials","$34,147,162,159","2.73%","8.41","1.60","1.16","Analyze"
"CMG","Chipotle Mexican Grill Inc","Common stocks","Large cap","Consumer Discretionary","$33,962,070,843","0.00%","50.91","4.34","16.32","Analyze"
"DLTR","Dollar Tree Inc","Common stocks","Large cap","Consumer Discretionary","$33,946,135,962","0.00%","23.73","1.29","4.37","Analyze"
"HES","Hess Corp","Common stocks","Large cap","Energy","$33,837,351,484","1.14%","44.23","4.29","5.08","Analyze"
"HPQ","HP Inc","Common stocks","Large cap","Information Technology","$33,826,660,587","2.86%","5.32","0.52","-14.90","Analyze"
"BK","Bank Of New York Mellon Corp","Common stocks","Large cap","Financials","$33,289,365,594","3.27%","9.80","2.13","0.79","Analyze"
"WBD","Warner Bros. Discovery, Inc. - Series A","Common stocks","Large cap","Communication Services","$33,126,426,128","0.00%","27.76","2.64","2.88","Analyze"
"MSI","Motorola Solutions Inc","Common stocks","Large cap","Information Technology","$32,957,507,227","1.56%","26.76","3.98","-107.39","Analyze"
"JCI","Johnson Controls International Plc","Common stocks","Large cap","Industrials","$32,953,835,556","2.58%","26.60","1.33","1.99","Analyze"
"BAX","Baxter International Inc","Common stocks","Large cap","Health Care","$32,875,387,387","1.72%","30.41","2.43","3.54","Analyze"
"ALL","Allstate Corp","Common stocks","Large cap","Financials","$32,868,717,751","2.75%","9.41","0.65","1.43","Analyze"
"BF.B","Brown Forman Inc Class B","Common stocks","Large cap","Consumer Staples","$32,193,110,703","1.07%","25.56","8.59","8.19","Analyze"
"HLT","Hilton Worldwide Holdings Inc","Common stocks","Large cap","Consumer Discretionary","$32,125,043,660","0.13%","44.33","4.84","-46.37","Analyze"
"MCHP","Microchip Technology Inc","Common stocks","Large cap","Information Technology","$31,678,659,269","2.10%","24.85","4.64","5.42","Analyze"
"SBAC","SBA Communications Corporation","REITs","Large cap","Real Estate","$31,364,236,064","0.89%","71.90","13.18","-5.80","Analyze"
"MSCI","MSCI Inc","Common stocks","Large cap","Financials","$31,349,908,576","1.07%","41.48","14.75","-35.75","Analyze"
"AJG","Arthur J Gallagher","Common stocks","Large cap","Financials","$31,310,635,400","1.32%","32.64","3.70","3.50","Analyze"
"YUM","Yum Brands Inc","Common stocks","Large cap","Consumer Discretionary","$31,122,778,114","1.95%","18.95","4.68","-3.68","Analyze"
"SPG","Simon Property Group, Inc","REITs","Large cap","Real Estate","$31,095,783,859","8.14%","14.12","6.01","9.66","Analyze"
"ED","Consolidated Edison Inc","Common stocks","Large cap","Utilities","$31,061,037,214","3.52%","20.13","2.21","1.51","Analyze"
"BKR","Baker Hughes Company Class A","Common stocks","Large cap","Energy","$30,943,323,600","1.20%","96.43","1.50","1.88","Analyze"
"PH","Parker-Hannifin Corp","Common stocks","Large cap","Industrials","$30,878,602,804","1.83%","17.93","1.98","3.39","Analyze"
"HAL","Halliburton","Common stocks","Large cap","Energy","$30,189,133,440","0.98%","18.44","1.87","4.07","Analyze"
"GPN","Global Payments Inc","Common stocks","Large cap","Information Technology","$30,119,107,692","0.93%","30.63","3.47","1.23","Analyze"
"TSN","Tyson Foods Inc Class A","Common stocks","Large cap","Consumer Staples","$30,059,426,800","2.20%","5.97","0.59","1.27","Analyze"
"NUE","Nucor Corp","Common stocks","Large cap","Materials","$29,950,595,287","1.60%","3.80","0.75","1.99","Analyze"
"LYB","Lyondellbasell Industries NV","Common stocks","Large cap","Materials","$29,885,662,147","4.95%","5.02","0.59","2.32","Analyze"
"ABC","AmerisourceBergen Corp","Common stocks","Large cap","Health Care","$29,526,052,488","1.29%","17.06","0.13","53.55","Analyze"
"ILMN","Illumina Inc","Common stocks","Large cap","Health Care","$29,498,667,000","0.00%","42.03","6.34","2.70","Analyze"
"PEG","Public Service Enterprise Group Inc","Common stocks","Large cap","Utilities","$29,456,273,684","3.52%","-22.76","3.22","2.17","Analyze"
"CARR","Carrier Global Corporation","Common stocks","Large cap","Industrials","$29,332,199,784","1.55%","10.98","1.43","4.11","Analyze"
"DD","DuPont de Nemours, Inc.","Common stocks","Large cap","Materials","$28,874,137,452","2.20%","18.34","1.81","1.09","Analyze"
"MTB","M&T Bank Corp","Common stocks","Large cap","Financials","$28,821,619,168","2.91%","17.25","4.84","1.63","Analyze"
"WEC","WEC Energy Group Inc","Common stocks","Large cap","Utilities","$28,770,783,573","3.05%","21.02","3.37","2.53","Analyze"
"OTIS","Otis Worldwide Corporation","Common stocks","Large cap","Industrials","$28,728,881,315","1.49%","22.98","2.01","-5.71","Analyze"
"RMD","Resmed Inc","Common stocks","Large cap","Health Care","$28,705,437,851","0.85%","37.08","8.35","8.81","Analyze"
"TWTR","Twitter Inc","Common stocks","Large cap","Communication Services","$28,527,256,633","0.00%","128.86","5.44","4.89","Analyze"
"TT","Trane Technologies plc","Common stocks","Large cap","Industrials","$28,514,597,718","2.05%","19.53","1.97","4.72","Analyze"
"PCAR","Paccar Inc","Common stocks","Large cap","Industrials","$28,360,520,419","1.64%","14.29","1.17","2.35","Analyze"
"TDG","Transdigm Group Inc","Common stocks","Large cap","Industrials","$28,050,347,582","0.00%","31.73","5.59","-9.72","Analyze"
"BIIB","Biogen Inc","Common stocks","Large cap","Health Care","$28,049,954,050","0.00%","20.38","2.59","2.63","Analyze"
"FAST","Fastenal","Common stocks","Large cap","Industrials","$28,049,281,939","2.40%","28.36","4.45","8.88","Analyze"
"IFF","International Flavors & Fragrances","Common stocks","Large cap","Materials","$27,920,053,143","2.85%","49.64","2.25","1.32","Analyze"
"ANET","Arista Networks Inc","Common stocks","Large cap","Information Technology","$27,873,189,106","0.00%","30.05","8.83","6.75","Analyze"
"VICI","VICI Properties Inc","REITs","Large cap","Real Estate","$27,695,940,770","4.81%","28.18","17.85","1.80","Analyze"
"IDXX","Idexx Laboratories Inc","Common stocks","Large cap","Health Care","$27,501,447,867","0.00%","37.52","8.40","43.07","Analyze"
"ES","Eversource Energy","Common stocks","Large cap","Utilities","$27,179,845,898","3.15%","20.72","2.59","1.81","Analyze"
"CMI","Cummins Inc","Common stocks","Large cap","Industrials","$26,688,652,086","3.07%","13.89","1.10","3.20","Analyze"
"ODFL","Old Dominion Freight Line Inc","Common stocks","Large cap","Industrials","$26,632,465,912","0.43%","23.18","4.73","7.51","Analyze"
"GLW","Corning Inc","Common stocks","Large cap","Information Technology","$26,495,494,062","3.22%","24.82","1.83","2.17","Analyze"
"AVB","AvalonBay Communities, Inc","REITs","Large cap","Real Estate","$26,060,718,771","3.38%","23.76","11.05","2.43","Analyze"
"AMP","Ameriprise Finance Inc","Common stocks","Large cap","Financials","$25,893,497,373","1.96%","8.38","1.88","5.16","Analyze"
"EQR","Equity Residential","REITs","Large cap","Real Estate","$25,844,457,572","3.50%","19.71","10.26","2.45","Analyze"
"ROST","Ross Stores Inc","Common stocks","Large cap","Consumer Discretionary","$25,758,082,378","1.61%","23.01","1.36","6.44","Analyze"
"PPG","PPG Industries Inc","Common stocks","Large cap","Materials","$25,627,086,650","2.16%","24.08","1.49","4.18","Analyze"
"MTD","Mettler Toledo Inc","Common stocks","Large cap","Health Care","$25,430,212,127","0.00%","31.46","6.67","295.13","Analyze"
"DFS","Discover Financial Services","Common stocks","Large cap","Financials","$25,154,805,045","2.33%","5.30","2.06","1.97","Analyze"
"VRSK","Verisk Analytics Inc","Common stocks","Large cap","Industrials","$25,040,097,891","0.75%","25.47","8.22","9.61","Analyze"
"AME","Ametek Inc","Common stocks","Large cap","Industrials","$24,991,390,274","0.77%","23.71","4.32","3.57","Analyze"
"OKE","Oneok Inc","Common stocks","Large cap","Energy","$24,889,911,408","6.57%","15.86","1.32","3.98","Analyze"
"HRL","Hormel Foods Corp","Common stocks","Large cap","Consumer Staples","$24,517,896,216","2.23%","26.35","2.05","3.43","Analyze"
"CPRT","Copart Inc","Common stocks","Large cap","Industrials","$24,427,987,361","0.00%","23.05","7.26","5.73","Analyze"
"WY","Weyerhaeuser Company","REITs","Large cap","Real Estate","$24,397,199,460","2.08%","9.11","2.26","2.40","Analyze"
"TROW","T Rowe Price Group Inc","Common stocks","Large cap","Financials","$24,113,898,310","4.24%","8.48","3.13","2.68","Analyze"
"AWK","American Water Works Inc","Common stocks","Large cap","Utilities","$23,787,868,763","1.87%","18.60","6.12","3.21","Analyze"
"FANG","Diamondback Energy Inc","Common stocks","Large cap","Energy","$23,727,214,912","1.67%","7.92","2.96","1.70","Analyze"
"ALB","Albemarle Corp","Common stocks","Large cap","Materials","$23,676,672,942","0.77%","88.25","6.53","4.26","Analyze"
"LVS","Las Vegas Sands Corp","Common stocks","Large cap","Consumer Discretionary","$23,588,049,862","0.00%","13.10","5.93","5.34","Analyze"
"KEYS","Keysight Technologies Inc","Common stocks","Large cap","Information Technology","$23,581,912,030","0.00%","23.54","4.59","6.37","Analyze"
"APTV","Aptiv Plc","Common stocks","Large cap","Consumer Discretionary","$23,343,408,498","0.00%","73.29","1.48","2.80","Analyze"
"GWW","W.W. Grainger Inc","Common stocks","Large cap","Industrials","$23,286,518,180","1.44%","19.29","1.71","10.86","Analyze"
"FRC","First Republic Bank","Common stocks","Large cap","Financials","$23,182,371,720","0.69%","17.16","4.44","1.52","Analyze"
"CTRA","Coterra Energy Inc.","Common stocks","Large cap","Energy","$23,070,201,702","1.85%","13.04","4.94","1.83","Analyze"
"ROK","Rockwell Automation Inc","Common stocks","Large cap","Industrials","$23,020,953,080","2.22%","34.45","3.14","8.44","Analyze"
"EBAY","Ebay Inc","Common stocks","Large cap","Consumer Discretionary","$22,998,314,906","1.94%","2.03","2.24","3.35","Analyze"
"EIX","Edison International","Common stocks","Large cap","Utilities","$22,973,433,901","4.45%","38.42","1.44","1.43","Analyze"
"SIVB","SVB Financial Group","Common stocks","Large cap","Financials","$22,900,754,615","0.00%","13.76","4.08","1.47","Analyze"
"ENPH","Enphase Energy Inc","Common stocks","Large cap","Information Technology","$22,900,114,193","0.00%","150.67","15.05","75.37","Analyze"
"STT","State Street Corp","Common stocks","Large cap","Financials","$22,882,291,039","3.55%","8.50","2.02","0.86","Analyze"
"K","Kellogg","Common stocks","Large cap","Consumer Staples","$22,863,837,692","3.41%","14.80","1.60","6.01","Analyze"
"FITB","Fifth Third Bancorp","Common stocks","Large cap","Financials","$22,734,929,760","3.48%","9.47","3.23","1.15","Analyze"
"DTE","DTE Energy","Common stocks","Large cap","Utilities","$22,591,924,147","3.72%","24.83","1.40","2.53","Analyze"
"CBRE","CBRE Group Inc","Common stocks","Large cap","Real Estate","$22,275,546,755","0.00%","11.68","0.76","2.71","Analyze"
"MKC","McCormick & Co  Non-voting","Common stocks","Large cap","Consumer Staples","$22,101,331,323","1.70%","27.60","3.48","4.49","Analyze"
"ZBH","Zimmer Biomet Holdings Inc","Common stocks","Large cap","Health Care","$21,636,765,304","0.93%","53.57","2.83","1.79","Analyze"
"DHI","D R Horton Inc","Common stocks","Large cap","Consumer Discretionary","$21,579,454,386","1.42%","4.24","0.71","1.27","Analyze"
"ETR","Entergy Corp","Common stocks","Large cap","Utilities","$21,531,237,988","3.71%","19.65","1.83","1.77","Analyze"
"EXR","Extra Space Storage Inc","REITs","Large cap","Real Estate","$21,476,721,128","3.40%","25.85","12.92","6.67","Analyze"
"TSCO","Tractor Supply","Common stocks","Large cap","Consumer Discretionary","$21,329,113,562","1.50%","21.05","1.65","11.80","Analyze"
"ARE","Alexandria Real Estate Equities, Inc","REITs","Large cap","Real Estate","$21,306,465,058","3.45%","53.38","9.47","1.27","Analyze"
"WTW","Willis Towers Watson Public Limited Company","Common stocks","Large cap","Financials","$21,275,300,648","1.27%","4.99","2.33","1.96","Analyze"
"AEE","Ameren Corp","Common stocks","Large cap","Utilities","$21,174,573,492","2.75%","20.83","3.16","2.14","Analyze"
"HIG","Hartford Financial Services Group","Common stocks","Large cap","Financials","$21,169,015,847","2.33%","8.31","0.98","1.33","Analyze"
"CDW","CDW Corp","Common stocks","Large cap","Information Technology","$21,069,945,377","1.21%","20.98","0.96","23.63","Analyze"
"WST","West Pharmaceutical Services Inc","Common stocks","Large cap","Health Care","$20,940,436,170","0.25%","30.61","7.27","9.01","Analyze"
"EFX","Equifax Inc","Common stocks","Large cap","Industrials","$20,839,787,522","0.91%","27.71","4.11","5.52","Analyze"
"MTCH","Match Group Inc","Common stocks","Large cap","Communication Services","$20,819,712,496","0.00%","68.94","6.69","-159.89","Analyze"
"FE","Firstenergy Corp","Common stocks","Large cap","Utilities","$20,741,969,006","4.24%","16.59","1.82","2.34","Analyze"
"LUV","Southwest Airlines","Common stocks","Large cap","Industrials","$20,741,616,201","0.00%","36.18","1.13","2.03","Analyze"
"BALL","Ball Corporation","Common stocks","Large cap","Materials","$20,245,834,309","1.26%","18.47","1.41","5.33","Analyze"
"ULTA","Ulta Beauty Inc","Common stocks","Large cap","Consumer Discretionary","$20,233,402,183","0.00%","20.81","2.34","13.36","Analyze"
"LH","Laboratory Corporation Of America","Common stocks","Large cap","Health Care","$20,221,578,000","0.33%","9.99","1.28","1.96","Analyze"
"DRE","Duke Realty Corporation","REITs","Large cap","Real Estate","$20,049,334,873","2.08%","19.36","18.31","3.18","Analyze"
"CHD","Church And Dwight Inc","Common stocks","Large cap","Consumer Staples","$19,955,786,475","1.25%","24.58","3.80","5.86","Analyze"
"ANSS","Ansys Inc","Common stocks","Large cap","Information Technology","$19,807,650,324","0.00%","44.65","10.06","4.64","Analyze"
"VTR","Ventas, Inc","REITs","Large cap","Real Estate","$19,533,119,427","3.64%","135.06","4.96","1.83","Analyze"
"STE","STERIS PLC","Common stocks","Large cap","Health Care","$19,522,611,647","0.88%","79.11","4.26","2.95","Analyze"
"FTV","Fortive Corp","Common stocks","Large cap","Industrials","$19,266,574,571","0.52%","29.78","3.59","2.01","Analyze"
"VMC","Vulcan Materials","Common stocks","Large cap","Materials","$19,260,615,541","1.06%","31.83","3.20","2.92","Analyze"
"WAT","Waters Corp","Common stocks","Large cap","Health Care","$19,160,258,664","0.00%","26.57","6.68","49.94","Analyze"
"NTRS","Northern Trust Corporation","Common stocks","Large cap","Financials","$19,058,417,697","3.03%","12.66","2.99","1.67","Analyze"
"CEG","Constellation Energy Corporation","Common stocks","Large cap","Utilities","$19,033,480,070","0.48%","-30.32","0.91","1.71","Analyze"
"DAL","Delta Air Lines Inc","Common stocks","Large cap","Industrials","$18,963,041,776","0.00%","37.59","0.54","6.49","Analyze"
"PPL","PPL Corporation","Common stocks","Large cap","Utilities","$18,942,143,477","3.95%","29.48","3.12","1.35","Analyze"
"CF","CF Industries Holdings Inc","Common stocks","Large cap","Materials","$18,901,401,849","1.43%","11.00","2.26","4.53","Analyze"
"MLM","Martin Marietta Materials Inc","Common stocks","Large cap","Materials","$18,901,106,933","0.80%","28.75","3.34","2.94","Analyze"
"LEN","Lennar Corporation Class A","Common stocks","Large cap","Consumer Discretionary","$18,671,986,628","1.93%","4.25","0.67","0.81","Analyze"
"MAA","Mid-America Apartment Communities, Inc","REITs","Large cap","Real Estate","$18,656,563,958","2.59%","31.61","10.20","3.17","Analyze"
"LYV","Live Nation Entertainment Inc","Common stocks","Large cap","Communication Services","$18,648,782,813","0.00%","-43.07","2.40","-37.30","Analyze"
"MOS","Mosaic","Common stocks","Large cap","Materials","$18,439,939,313","0.81%","6.90","1.32","1.57","Analyze"
"GPC","Genuine Parts","Common stocks","Large cap","Consumer Discretionary","$18,168,078,444","2.64%","19.43","0.92","5.01","Analyze"
"MRO","Marathon Oil Corp","Common stocks","Large cap","Energy","$18,159,347,442","1.01%","7.94","2.94","1.50","Analyze"
"ALGN","Align Technology Inc","Common stocks","Large cap","Health Care","$18,111,090,812","0.00%","26.17","4.49","5.04","Analyze"
"CINF","Cincinnati Financial Corp","Common stocks","Large cap","Financials","$18,072,036,337","2.32%","8.90","2.10","1.51","Analyze"
"CTLT","Catalent Inc","Common stocks","Large cap","Health Care","$18,064,694,290","0.00%","37.88","3.84","3.97","Analyze"
"MPWR","Monolithic Power Systems Inc","Common stocks","Large cap","Information Technology","$18,056,438,160","0.66%","67.31","13.57","14.02","Analyze"
"IT","Gartner Inc","Common stocks","Large cap","Information Technology","$18,046,384,485","0.00%","23.13","3.69","157.00","Analyze"
"RJF","Raymond James Inc","Common stocks","Large cap","Financials","$18,011,493,374","1.38%","12.11","1.72","2.12","Analyze"
"GRMN","Garmin Ltd","Common stocks","Large cap","Consumer Discretionary","$17,918,140,840","2.14%","16.81","3.53","2.89","Analyze"
"CMS","CMS Energy Corp","Common stocks","Large cap","Utilities","$17,842,939,835","2.88%","17.76","2.32","1.81","Analyze"
"AMCR","Amcor plc","Common stocks","Large cap","Materials","$17,597,398,092","4.04%","18.50","1.25","3.90","Analyze"
"URI","United Rentals Inc","Common stocks","Large cap","Industrials","$17,583,489,920","0.00%","11.07","1.73","2.82","Analyze"
"WRB","WR Berkley Corp","Common stocks","Large cap","Financials","$17,582,323,216","0.52%","12.81","1.72","2.58","Analyze"
"FOX","Fox Corporation Class B","Common stocks","Large cap","Communication Services","$17,364,107,680","1.61%","6.32","1.26","0.65","Analyze"
"FOXA","Fox Corporation Class A","Common stocks","Large cap","Communication Services","$17,364,107,680","1.48%","8.68","1.26","0.89","Analyze"
"CFG","Citizens Financial Group Inc","Common stocks","Large cap","Financials","$17,360,428,996","4.39%","8.76","2.62","0.80","Analyze"
"PKI","Perkinelmer Inc","Common stocks","Large cap","Health Care","$17,350,460,976","0.20%","23.32","3.46","2.37","Analyze"
"HPE","Hewlett Packard Enterprise","Common stocks","Large cap","Information Technology","$17,346,061,574","4.43%","4.69","0.62","0.86","Analyze"
"RF","Regions Financial Corp","Common stocks","Large cap","Financials","$17,334,968,823","3.62%","7.57","2.98","1.03","Analyze"
"VFC","VF Corp","Common stocks","Large cap","Consumer Discretionary","$17,287,348,430","4.41%","12.72","1.49","4.86","Analyze"
"DOV","Dover Corp","Common stocks","Large cap","Industrials","$17,273,661,464","1.66%","15.14","2.13","3.91","Analyze"
"CNP","Centerpoint Energy Inc","Common stocks","Large cap","Utilities","$17,272,074,715","2.44%","10.95","2.02","1.73","Analyze"
"VRSN","Verisign Inc","Common stocks","Large cap","Information Technology","$17,144,856,022","0.00%","21.79","12.69","-13.43","Analyze"
"IR","Ingersoll Rand Plc","Common stocks","Large cap","Industrials","$17,081,528,972","0.14%","13.75","3.19","1.86","Analyze"
"HBAN","Huntington Bancshares Inc","Common stocks","Large cap","Financials","$17,039,827,963","5.11%","15.85","2.72","0.93","Analyze"
"HOLX","Hologic Inc","Common stocks","Large cap","Health Care","$16,738,449,096","0.00%","10.91","3.10","3.53","Analyze"
"ESS","Essex Property Trust, Inc","REITs","Large cap","Real Estate","$16,590,668,115","3.31%","42.53","11.31","2.81","Analyze"
"TDY","Teledyne Technologies Inc","Common stocks","Large cap","Information Technology","$16,517,258,749","0.00%","28.63","3.22","2.10","Analyze"
"PWR","Quanta Services Inc","Common stocks","Large cap","Industrials","$16,487,734,603","0.23%","34.03","1.16","3.18","Analyze"
"JBHT","JB Hunt Transport Services Inc","Common stocks","Large cap","Industrials","$16,404,890,356","0.89%","18.93","1.26","4.99","Analyze"
"FLT","Fleetcor Technologies Inc","Common stocks","Large cap","Information Technology","$16,400,893,865","0.00%","18.82","5.44","5.66","Analyze"
"EPAM","Epam Systems Inc","Common stocks","Large cap","Information Technology","$16,354,368,219","0.00%","36.55","3.94","6.62","Analyze"
"COO","Cooper Companies, Inc.","Common stocks","Large cap","Health Care","$16,277,417,496","0.02%","16.02","5.37","2.17","Analyze"
"EXPD","Expeditors International Of Washington","Common stocks","Large cap","Industrials","$16,154,699,029","1.30%","10.72","0.90","4.11","Analyze"
"KEY","Keycorp","Common stocks","Large cap","Financials","$15,926,602,443","4.45%","6.86","2.28","1.05","Analyze"
"PFG","Principal Financial Group Inc","Common stocks","Large cap","Financials","$15,878,676,825","4.00%","10.28","1.12","1.36","Analyze"
"PARA","Paramount Global - Class B","Common stocks","Large cap","Communication Services","$15,834,717,673","3.94%","3.68","0.56","0.66","Analyze"
"IP","International Paper","Common stocks","Large cap","Materials","$15,829,579,069","4.32%","8.90","0.82","1.77","Analyze"
"ROL","Rollins Inc","Common stocks","Large cap","Industrials","$15,741,928,560","1.18%","47.36","6.35","14.13","Analyze"
"BR","Broadridge Financial Solutions Inc","Common stocks","Large cap","Information Technology","$15,727,151,781","1.90%","28.36","2.85","8.59","Analyze"
"PAYC","Paycom Software Inc","Common stocks","Large cap","Information Technology","$15,664,232,120","0.00%","71.47","13.78","15.81","Analyze"
"BBY","Best Buy Inc","Common stocks","Large cap","Consumer Discretionary","$15,419,532,511","4.55%","9.23","0.00","5.26","Analyze"
"WAB","Westinghouse Air Brake Technologies","Common stocks","Large cap","Industrials","$15,360,667,870","0.64%","25.60","1.94","1.51","Analyze"
"SWK","Stanley Black & Decker Inc","Common stocks","Large cap","Industrials","$15,353,102,973","3.08%","11.52","0.97","1.67","Analyze"
"ZBRA","Zebra Technologies Corp","Common stocks","Large cap","Information Technology","$15,340,339,143","0.00%","18.61","2.69","5.21","Analyze"
"J","Jacobs Engineering Group Inc.","Common stocks","Large cap","Industrials","$15,324,652,710","0.74%","40.77","1.07","2.51","Analyze"
"CAG","Conagra Brands Inc","Common stocks","Large cap","Consumer Staples","$15,236,039,346","3.88%","14.49","1.34","1.72","Analyze"
"STX","Seagate Technology Plc","Common stocks","Large cap","Information Technology","$15,215,249,885","2.90%","11.68","1.30","37.10","Analyze"
"CLX","Clorox","Common stocks","Large cap","Consumer Staples","$15,085,914,742","3.74%","32.98","2.12","37.76","Analyze"
"INCY","Incyte Corp","Common stocks","Large cap","Health Care","$15,071,200,948","0.00%","16.92","4.84","4.09","Analyze"
"BRO","Brown & Brown Inc","Common stocks","Large cap","Financials","$15,039,503,256","0.75%","24.85","4.79","3.48","Analyze"
"DGX","Quest Diagnostics Inc","Common stocks","Large cap","Health Care","$15,020,376,283","1.96%","8.18","1.41","2.40","Analyze"
"MOH","Molina Healthcare Inc","Common stocks","Large cap","Health Care","$14,952,651,000","0.00%","21.45","0.52","5.29","Analyze"
"EXPE","Expedia Inc","Common stocks","Large cap","Consumer Discretionary","$14,601,159,929","0.00%","70.76","1.52","7.32","Analyze"
"ATO","Atmos Energy Corp","Common stocks","Large cap","Utilities","$14,538,189,955","2.55%","19.84","3.83","1.60","Analyze"
"WDC","Western Digital Corp","Common stocks","Large cap","Information Technology","$14,515,328,364","0.00%","7.97","0.76","1.21","Analyze"
"SYF","Synchrony Financial","Common stocks","Large cap","Financials","$14,503,056,327","3.02%","3.67","0.93","1.09","Analyze"
"TTWO","Take Two Interactive Software Inc","Common stocks","Large cap","Communication Services","$14,464,520,869","0.00%","34.85","4.13","3.82","Analyze"
"SWKS","Skyworks Solutions Inc","Common stocks","Large cap","Information Technology","$14,443,120,527","2.48%","10.59","2.85","2.80","Analyze"
"BIO","Bio Rad Laboratories Inc Class A","Common stocks","Large cap","Health Care","$14,415,410,308","0.00%","-114.06","4.98","1.13","Analyze"
"GNRC","Generac Holdings Inc","Common stocks","Large cap","Industrials","$14,297,270,724","0.00%","27.28","3.52","6.09","Analyze"
"NDAQ","Nasdaq Inc","Common stocks","Large cap","Financials","$14,197,913,140","1.49%","12.14","2.46","2.37","Analyze"
"APA","Apache Corp","Common stocks","Large cap","Energy","$14,124,585,525","0.81%","5.33","1.61","14.23","Analyze"
"NTAP","NetApp Inc","Common stocks","Large cap","Information Technology","$14,084,332,300","3.13%","14.02","2.27","16.09","Analyze"
"SEDG","SolarEdge Technologies Inc","Common stocks","Large cap","Information Technology","$14,067,262,644","0.00%","88.58","6.36","7.59","Analyze"
"TRMB","Trimble Inc","Common stocks","Large cap","Information Technology","$14,020,485,556","0.00%","29.44","3.72","3.61","Analyze"
"AKAM","Akamai Technologies Inc","Common stocks","Large cap","Information Technology","$14,020,292,180","0.00%","23.33","3.98","3.34","Analyze"
"L","Loews Corp","Common stocks","Large cap","Financials","$14,003,547,761","0.44%","8.56","1.03","0.85","Analyze"
"DRI","Darden Restaurants Inc","Common stocks","Large cap","Consumer Discretionary","$13,950,288,586","3.89%","13.70","1.50","6.23","Analyze"
"EVRG","Evergy Inc","Common stocks","Large cap","Utilities","$13,938,510,484","3.71%","17.03","2.68","1.49","Analyze"
"TER","Teradyne Inc","Common stocks","Large cap","Information Technology","$13,929,652,328","0.48%","14.60","3.79","5.77","Analyze"
"BXP","Boston Properties, Inc","REITs","Large cap","Real Estate","$13,876,864,247","4.37%","25.85","4.74","2.42","Analyze"
"LNT","Alliant Energy Corp","Common stocks","Large cap","Utilities","$13,786,626,673","2.99%","20.19","3.59","2.26","Analyze"
"KMX","Carmax Inc","Common stocks","Large cap","Consumer Discretionary","$13,767,726,702","0.00%","12.13","0.43","2.67","Analyze"
"CAH","Cardinal Health Inc","Common stocks","Large cap","Health Care","$13,752,133,234","3.84%","-14.46","0.08","-19.82","Analyze"
"DPZ","Dominos Pizza Inc","Common stocks","Large cap","Consumer Discretionary","$13,680,905,180","1.07%","28.26","3.12","-3.26","Analyze"
"UDR","UDR, Inc","REITs","Large cap","Real Estate","$13,618,015,432","3.40%","88.65","10.11","4.09","Analyze"
"CPT","Camden Property Trust","REITs","Large cap","Real Estate","$13,589,930,171","2.67%","38.77","11.45","3.25","Analyze"
"CPB","Campbell Soup","Common stocks","Large cap","Consumer Staples","$13,580,006,331","3.23%","14.81","1.64","4.07","Analyze"
"IRM","Iron Mountain Incorporated","REITs","Large cap","Real Estate","$13,397,792,517","5.27%","30.05","2.88","17.72","Analyze"
"SJM","J.M. Smucker","Common stocks","Large cap","Consumer Staples","$13,385,934,987","3.17%","22.99","1.70","1.60","Analyze"
"CE","Celanese Corporation","Common stocks","Large cap","Materials","$13,342,575,485","2.19%","6.41","1.44","2.88","Analyze"
"POOL","Pool Corp","Common stocks","Large cap","Consumer Discretionary","$13,311,678,344","1.02%","18.25","2.36","11.36","Analyze"
"PKG","Packaging Corp Of America","Common stocks","Large cap","Materials","$13,254,030,779","2.97%","14.20","1.64","3.46","Analyze"
"FDS","Factset Research Systems Inc","Common stocks","Large cap","Financials","$13,214,916,063","0.96%","31.57","7.93","10.89","Analyze"
"IEX","IDEX Corp","Common stocks","Large cap","Industrials","$13,180,132,310","1.27%","27.59","4.60","4.54","Analyze"
"XYL","Xylem Inc","Common stocks","Large cap","Industrials","$13,159,374,466","1.58%","31.12","2.53","4.11","Analyze"
"LKQ","LKQ Corp","Common stocks","Large cap","Consumer Discretionary","$13,131,933,311","1.62%","12.09","0.99","2.30","Analyze"
"FMC","FMC Corp","Common stocks","Large cap","Materials","$13,086,350,065","1.93%","17.20","2.52","4.28","Analyze"
"LDOS","Leidos Holdings Inc","Common stocks","Large cap","Industrials","$13,032,097,284","1.50%","34.40","0.00","3.25","Analyze"
"PEAK","Healthpeak Properties, Inc.","REITs","Large cap","Real Estate","$13,008,722,959","4.91%","30.49","6.71","2.04","Analyze"
"HWM","Howmet Aerospace Inc.","Common stocks","Large cap","Industrials","$12,871,753,941","0.26%","42.91","2.53","3.81","Analyze"
"CHRW","C.H. Robinson Worldwide, Inc.","Common stocks","Large cap","Industrials","$12,865,335,811","2.12%","13.39","0.51","6.01","Analyze"
"OMC","Omnicom Group Inc","Common stocks","Large cap","Communication Services","$12,761,598,389","4.45%","10.46","0.89","4.33","Analyze"
"TECH","Bio-Techne Corp","Common stocks","Large cap","Health Care","$12,659,476,994","0.40%","56.90","11.76","7.49","Analyze"
"NLOK","NortonLifeLock Inc.","Common stocks","Large cap","Information Technology","$12,651,197,323","2.28%","19.97","4.52","-136.16","Analyze"
"AES","AES Corp","Common stocks","Large cap","Utilities","$12,649,261,676","3.22%","-88.06","1.11","4.22","Analyze"
"TYL","Tyler Technologies Inc","Common stocks","Large cap","Information Technology","$12,582,704,326","0.00%","78.35","7.18","5.40","Analyze"
"AVY","Avery Dennison Corp","Common stocks","Large cap","Materials","$12,527,617,187","1.82%","17.37","1.44","6.55","Analyze"
"JKHY","Jack Henry & Associates, Inc.","Common stocks","Large cap","Information Technology","$12,502,034,803","1.10%","34.90","6.54","9.44","Analyze"
"VTRS","Viatris Inc.","Common stocks","Large cap","Health Care","$12,462,953,199","4.41%","75.62","0.71","0.62","Analyze"
"TXT","Textron Inc","Common stocks","Large cap","Industrials","$12,459,776,554","0.14%","16.95","1.00","1.86","Analyze"
"NVR","NVR, Inc.","Common stocks","Large cap","Consumer Discretionary","$12,073,074,220","0.00%","8.61","1.30","4.47","Analyze"
"HST","Host Hotels & Resorts, Inc","REITs","Large cap","Real Estate","$11,908,186,952","0.18%","36.53","0.00","1.78","Analyze"
"PTC","PTC Inc","Common stocks","Large cap","Information Technology","$11,730,347,664","0.00%","25.33","6.24","5.83","Analyze"
"TFX","Teleflex Inc","Common stocks","Large cap","Health Care","$11,698,750,468","0.54%","23.56","4.15","3.03","Analyze"
"MGM","MGM Resorts International","Common stocks","Large cap","Consumer Discretionary","$11,669,571,401","0.04%","7.78","1.07","2.35","Analyze"
"KIM","Kimco Realty Corporation","REITs","Large cap","Real Estate","$11,587,627,763","3.85%","12.77","7.68","1.17","Analyze"
"BEN","Franklin Resources Inc","Common stocks","Large cap","Financials","$11,573,244,003","4.86%","6.17","1.34","1.01","Analyze"
"CBOE","Cboe Global Markets, Inc.","Common stocks","Large cap","Financials","$11,560,749,616","1.75%","23.21","3.34","3.25","Analyze"
"UAL","United Continental Holdings Inc","Common stocks","Large cap","Industrials","$11,363,629,786","0.00%","-5.97","0.39","3.27","Analyze"
"CTXS","Citrix Systems Inc","Common stocks","Large cap","Information Technology","$11,361,814,158","0.82%","43.28","3.48","18.08","Analyze"
"NDSN","Nordson Corp","Common stocks","Large cap","Industrials","$11,298,766,263","1.03%","22.60","4.62","5.06","Analyze"
"EMN","Eastman Chemical","Common stocks","Large cap","Materials","$11,270,762,644","3.36%","13.81","1.05","1.92","Analyze"
"MAS","Masco Corp","Common stocks","Large cap","Industrials","$11,256,718,392","2.14%","20.47","1.31","-30.28","Analyze"
"NI","Nisource Inc","Common stocks","Large cap","Utilities","$11,025,534,676","3.31%","16.36","2.11","1.50","Analyze"
"HAS","Hasbro Inc","Common stocks","Large cap","Consumer Discretionary","$11,017,344,577","3.43%","29.89","1.70","3.67","Analyze"
"TAP","Molson Coors Brewing Class B","Common stocks","Large cap","Consumer Staples","$10,950,779,144","2.82%","9.41","0.83","0.75","Analyze"
"WRK","Westrock","Common stocks","Large cap","Materials","$10,522,837,759","2.38%","13.16","0.52","0.90","Analyze"
"LUMN","CenturyLink, Inc.","Common stocks","Large cap","Communication Services","$10,516,503,392","9.56%","4.98","0.54","0.87","Analyze"
"IPG","Interpublic Group Of Companies Inc","Common stocks","Large cap","Communication Services","$10,467,530,786","4.16%","10.43","0.99","3.05","Analyze"
"RE","Everest Re Group Ltd","Common stocks","Large cap","Financials","$10,451,060,195","2.36%","7.95","0.91","1.11","Analyze"
"CRL","Charles River Laboratories International","Common stocks","Large cap","Health Care","$10,420,584,835","0.00%","24.55","2.87","3.97","Analyze"
"ABMD","Abiomed Inc","Common stocks","Large cap","Health Care","$10,239,583,562","0.00%","46.44","9.92","6.96","Analyze"
"SNA","Snap On Inc","Common stocks","Large cap","Industrials","$10,238,248,251","2.84%","12.36","2.19","2.43","Analyze"
"SBNY","Signature Bank","Common stocks","Large cap","Financials","$10,158,989,952","1.33%","10.12","4.68","1.27","Analyze"
"HSIC","Henry Schein Inc","Common stocks","Large cap","Health Care","$10,101,175,646","0.00%","15.79","0.80","2.84","Analyze"
"MKTX","Marketaxess Holdings Inc","Common stocks","Large cap","Financials","$10,078,875,825","1.01%","40.85","14.62","9.67","Analyze"
"AAP","Advance Auto Parts Inc","Common stocks","Large cap","Consumer Discretionary","$10,032,859,046","2.99%","16.52","0.91","3.25","Analyze"
"QRVO","Qorvo, Inc.","Common stocks","Mid cap","Information Technology","$9,873,269,998","0.00%","9.76","2.13","2.22","Analyze"
"REG","Regency Centers Corporation","REITs","Mid cap","Real Estate","$9,840,165,591","4.26%","12.57","8.24","1.62","Analyze"
"CCL","Carnival Corp","Common stocks","Mid cap","Consumer Discretionary","$9,659,912,640","0.00%","-1.01","2.76","0.92","Analyze"
"CMA","Comerica Inc","Common stocks","Mid cap","Financials","$9,643,572,641","3.64%","9.97","3.50","1.39","Analyze"
"LW","Lamb Weston Holdings Inc","Common stocks","Mid cap","Consumer Staples","$9,202,711,043","1.50%","40.34","2.33","24.10","Analyze"
"AIZ","Assurant Inc","Common stocks","Mid cap","Financials","$9,144,704,819","1.59%","6.78","0.89","1.83","Analyze"
"NWS","News Corp Class B","Common stocks","Mid cap","Communication Services","$9,077,508,068","1.27%","6.22","0.89","0.37","Analyze"
"NWSA","News Corp Class A","Common stocks","Mid cap","Communication Services","$9,077,508,068","1.29%","12.07","0.89","0.71","Analyze"
"FFIV","F5 Networks Inc","Common stocks","Mid cap","Information Technology","$9,018,797,659","0.00%","26.02","3.40","3.80","Analyze"
"RCL","Royal Caribbean Cruises Ltd","Common stocks","Mid cap","Consumer Discretionary","$8,964,263,613","0.00%","-1.80","3.52","2.38","Analyze"
"JNPR","Juniper Networks Inc","Common stocks","Mid cap","Information Technology","$8,933,588,971","2.95%","26.29","1.85","2.09","Analyze"
"GL","Globe Life Inc.","Common stocks","Mid cap","Financials","$8,917,348,005","0.88%","12.43","1.73","1.32","Analyze"
"DISH","Dish Network Corp Class A","Common stocks","Mid cap","Communication Services","$8,799,862,756","0.00%","2.25","0.50","0.31","Analyze"
"ETSY","Etsy Inc","Common stocks","Mid cap","Consumer Discretionary","$8,771,212,242","0.00%","21.03","3.72","13.54","Analyze"
"NRG","NRG Energy Inc","Common stocks","Mid cap","Utilities","$8,746,272,022","3.61%","2.15","0.33","1.71","Analyze"
"RHI","Robert Half","Common stocks","Mid cap","Industrials","$8,655,422,646","2.06%","12.94","1.26","5.85","Analyze"
"AOS","A O Smith Corp","Common stocks","Mid cap","Industrials","$8,652,748,580","2.04%","13.56","2.31","3.82","Analyze"
"UHS","Universal Health Services Inc.","Common stocks","Mid cap","Health Care","$8,622,839,424","0.79%","7.45","0.67","1.19","Analyze"
"PHM","Pultegroup Inc","Common stocks","Mid cap","Consumer Discretionary","$8,618,722,875","1.62%","4.12","0.60","1.16","Analyze"
"ALLE","Allegion PLC","Common stocks","Mid cap","Industrials","$8,461,760,140","1.59%","17.95","2.92","11.33","Analyze"
"OGN","Organon & Co.","Common stocks","Mid cap","Health Care","$8,321,835,843","3.37%","6.47","1.31","-6.73","Analyze"
"DVA","Davita Inc","Common stocks","Mid cap","Health Care","$8,319,124,000","0.00%","9.37","0.72","10.03","Analyze"
"WHR","Whirlpool Corp","Common stocks","Mid cap","Consumer Discretionary","$8,287,038,277","4.22%","5.11","0.38","1.86","Analyze"
"SEE","Sealed Air Corp","Common stocks","Mid cap","Materials","$8,278,604,535","1.40%","15.05","1.46","43.15","Analyze"
"CZR","Caesars Entertainment Corp","Common stocks","Mid cap","Consumer Discretionary","$8,075,172,456","0.00%","-14.26","0.80","2.25","Analyze"
"HII","Huntington Ingalls Industries Inc","Common stocks","Mid cap","Industrials","$8,051,889,027","2.31%","14.99","0.82","2.85","Analyze"
"LNC","Lincoln National Corp","Common stocks","Mid cap","Financials","$8,029,918,409","3.69%","6.40","0.42","0.56","Analyze"
"AAL","American Airlines Group Inc","Common stocks","Mid cap","Industrials","$7,898,100,552","0.00%","-3.53","0.23","-0.94","Analyze"
"BWA","BorgWarner Inc","Common stocks","Mid cap","Consumer Discretionary","$7,893,991,703","2.06%","12.00","0.54","1.14","Analyze"
"ZION","Zions Bancorporation","Common stocks","Mid cap","Financials","$7,823,733,684","2.94%","8.06","2.83","1.26","Analyze"
"NLSN","Nielsen Holdings Plc","Common stocks","Mid cap","Industrials","$7,812,538,519","1.10%","16.28","2.22","2.37","Analyze"
"TPR","Tapestry","Common stocks","Mid cap","Consumer Discretionary","$7,685,008,424","3.24%","9.32","1.15","3.19","Analyze"
"FBHS","Fortune Brands Home And Security","Common stocks","Mid cap","Industrials","$7,627,375,062","1.84%","8.67","0.98","2.61","Analyze"
"PNW","Pinnacle West Corp","Common stocks","Mid cap","Utilities","$7,625,313,216","4.92%","12.41","1.96","1.26","Analyze"
"XRAY","Dentsply Sirona Inc","Common stocks","Mid cap","Health Care","$7,484,787,055","1.31%","20.63","1.79","1.55","Analyze"
"FRT","Federal Realty Investment Trust","REITs","Mid cap","Real Estate","$7,453,588,210","1.14%","28.92","7.53","2.86","Analyze"
"MHK","Mohawk Industries Inc","Common stocks","Mid cap","Consumer Discretionary","$7,413,145,065","0.00%","7.32","0.64","0.92","Analyze"
"NWL","Newell Brands Inc","Common stocks","Mid cap","Consumer Discretionary","$7,385,110,000","5.07%","10.44","0.69","1.88","Analyze"
"BBWI","Bath & Body Works, Inc.","Common stocks","Mid cap","Consumer Discretionary","$7,342,411,476","2.17%","6.33","0.77","-5.05","Analyze"
"PNR","Pentair","Common stocks","Mid cap","Industrials","$7,280,893,649","1.85%","13.40","1.87","2.90","Analyze"
"IVZ","Invesco Ltd","Common stocks","Mid cap","Financials","$7,266,756,277","4.31%","5.54","1.06","0.48","Analyze"
"DXC","DXC Technology Company","Common stocks","Mid cap","Information Technology","$6,832,231,758","0.00%","-11.37","0.41","1.45","Analyze"
"CDAY","Ceridian HCM Holding Inc.","Common stocks","Mid cap","Information Technology","$6,724,004,806","0.00%","-82.15","6.21","3.21","Analyze"
"DXCM","Dexcom Inc","Common stocks","Mid cap","Health Care","$6,671,582,185","0.00%","31.89","2.59","3.08","Analyze"
"RL","Ralph Lauren Corp Class A","Common stocks","Mid cap","Consumer Discretionary","$6,369,977,221","3.13%","8.08","1.06","1.49","Analyze"
"WYNN","Wynn Resorts Ltd","Common stocks","Mid cap","Consumer Discretionary","$6,318,930,126","0.00%","-9.68","1.58","-18.91","Analyze"
"VNO","Vornado Realty Trust","REITs","Mid cap","Real Estate","$5,341,973,631","7.46%","36.52","3.23","0.88","Analyze"
"ALK","Alaska Air Group Inc","Common stocks","Mid cap","Industrials","$4,877,231,752","0.00%","10.94","0.69","1.40","Analyze"
"PENN","Penn National Gaming Inc","Common stocks","Mid cap","Consumer Discretionary","$4,488,663,509","0.00%","11.98","0.72","1.16","Analyze"
"IPGP","IPG Photonics Corp","Common stocks","Mid cap","Information Technology","$4,356,782,782","0.00%","16.41","2.93","1.70","Analyze"
"UA","Under Armour Inc Class C","Common stocks","Mid cap","Consumer Discretionary","$3,959,493,120","0.00%","9.53","0.69","1.23","Analyze"
"UAA","Under Armour Inc Class A","Common stocks","Mid cap","Consumer Discretionary","$3,959,493,120","0.00%","7.76","0.69","1.00","Analyze"
"PVH","PVH Corp","Common stocks","Mid cap","Consumer Discretionary","$3,938,618,904","0.19%","6.13","0.00","0.78","Analyze"
"NCLH","Norwegian Cruise Line Holdings Ltd","Common stocks","Mid cap","Consumer Discretionary","$2,230,662,000","0.00%","-1.16","1.91","3.18","Analyze"